customer_id,churn_prob,churn_pred
0668-OGMHD,0.15274058124467552,0
3292-PBZEJ,0.7528088260509743,1
3223-DWFIO,0.7889099420639628,1
6377-KSLXC,0.3236805578550383,0
5360-XGYAZ,0.016882241027570445,0
8146-QQKZH,0.026896314873611358,0
5146-YYFRZ,0.008299018957772504,0
4312-GVYNH,0.012907316610712462,0
8404-FYDIB,0.34330156868811323,0
2369-UAPKZ,0.6615871390919303,1
2995-YWTCD,0.164907694687766,0
1927-QEWMY,0.004354444051206845,0
1027-LKKQQ,0.024793738069538718,0
4763-PGDPO,0.6588381110199145,1
7531-GQHME,0.176662174854154,0
0743-HNPFG,0.019525702850526426,0
8717-VCTXJ,0.022000951655035773,0
3082-VQXNH,0.27877986271307864,0
9281-CEDRU,0.020093775291827907,0
7629-WFGLW,0.20194340601640132,0
9172-ANCRX,0.610958025053286,1
1852-QSWCD,0.0109481337792489,0
2360-RDGRO,0.1670673291556608,0
7219-TLZHO,0.33635507169234585,0
7663-YJHSN,0.13374545595178813,0
5701-YVSVF,0.7342664296655055,1
0952-KMEEH,0.579163279777192,1
8519-QJGJD,0.5454371888372098,1
8617-ENBDS,0.5894026247093429,1
7619-ODSGN,0.15443562542762093,0
2683-JXWQQ,0.016371589569235727,0
9917-KWRBE,0.03509189028534278,0
6203-HBZPA,0.03186671247322056,0
5133-VRSAB,0.28571368631424704,0
0495-ZBNGW,0.7813047417218814,1
5197-LQXXH,0.01887879879007201,0
1273-MTETI,0.7947725728743282,1
5306-BVTKJ,0.018086241360033298,0
9360-AHGNL,0.34285282235696257,0
3426-NIYYL,0.22434086795717362,0
6917-IAYHD,0.3835563696230042,0
3638-DIMPH,0.14184117599400384,0
7672-VFMXZ,0.03014285284133678,0
2239-CGBUZ,0.024180538399699844,0
5312-IRCFR,0.07949250100474162,0
1196-AMORA,0.6272274371954867,1
5074-FBGHB,0.0751609323846206,0
8707-RMEZH,0.07807046337195829,0
4770-QAZXN,0.16502076991608572,0
0691-IFBQW,0.29926282793928527,0
1534-OULXE,0.011298332037817105,0
3138-BKYAV,0.6415355787199785,1
8739-QOTTN,0.367412416333984,0
5780-INQIK,0.29844357076384637,0
3258-ZKPAI,0.1655275831469844,0
8808-ELEHO,0.7570307725942094,1
8461-EFQYM,0.02976115579389713,0
7976-CICYS,0.26396856056110546,0
7964-ZRKKG,0.06166793572037781,0
3566-HJGPK,0.3844638288891034,0
6997-UVGOX,0.027797098546670625,0
6927-WTFIV,0.545810088355581,1
1325-USMEC,0.09326624723704234,0
0219-QAERP,0.03314019648219044,0
4640-UHDOS,0.24832928207062613,0
4607-CHPCA,0.29291153220000304,0
9947-OTFQU,0.6884171770847656,1
4390-KYULV,0.2759968214224436,0
8290-YWKHZ,0.5432045705100793,1
7240-FQLHE,0.6948370605957159,1
6778-YSNIH,0.3728233840584982,0
6362-QHAFM,0.21016580366812365,0
0404-SWRVG,0.671087052571811,1
5913-INRQV,0.36509844563865296,0
5298-GSTLM,0.1924881768910375,0
2516-XSJKX,0.08773058473568272,0
7401-JIXNM,0.04593433388800991,0
2108-YKQTY,0.26820331849234735,0
4680-KUTAJ,0.41401928795822984,0
6480-YAGIY,0.1483114907849207,0
4672-FOTSD,0.2680387304790565,0
1480-IVEVR,0.32619108108659517,0
2260-USTRB,0.8044900514168777,1
0822-GAVAP,0.368935849913686,0
6807-SIWJI,0.22058075370389887,0
5499-ECUTN,0.021796050865211587,0
8979-CAMGB,0.17426098095064382,0
4415-IJZTP,0.6913277845401904,1
6240-EURKS,0.1789803886171611,0
9242-TKFSV,0.01227069590603489,0
5385-SUIRI,0.3988823298689671,0
2178-PMGCJ,0.4401231663093562,0
3278-FSIXX,0.3698294707953983,0
2860-RANUS,0.5725736805399734,1
3259-FDWOY,0.14890807501673112,0
6734-FQAJX,0.27529281031388597,0
9251-AWQGT,0.028047527313463376,0
9860-LISIZ,0.06731315824922703,0
1934-SJVJK,0.3825359729632496,0
7318-EIVKO,0.30035261260268387,0
3376-BMGFE,0.6582606145663387,1
3106-ULWFW,0.5326437196385214,1
0323-XWWTN,0.35678492844961135,0
2372-HWUHI,0.37035708885571555,0
1432-FPAXX,0.09864177659711242,0
9430-NKQLY,0.004775062569095078,0
8091-TTVAX,0.0780599236223299,0
1728-BQDMA,0.37046564448133584,0
8999-EXMNO,0.16140127933902607,0
5174-ITUMV,0.08786815673543197,0
1575-KRZZE,0.3477514496035444,0
5696-JVVQY,0.04074610940093231,0
4616-ULAOA,0.13941909889450457,0
8734-FNWVH,0.11463089572254416,0
0306-JAELE,0.6551973082565099,1
6692-YQHXC,0.4364288987371719,0
4759-TRPLW,0.6910468417592409,1
1760-CAZHT,0.11369158944364828,0
2346-DJQTB,0.0656510457543591,0
2405-LBMUW,0.011764266516907597,0
3148-AOIQT,0.005775636356995767,0
2609-IAICY,0.6915092942515055,1
3307-TLCUD,0.1916990162867782,0
2277-DJJDL,0.30199383633827553,0
7450-NWRTR,0.7403208727902933,1
8815-LMFLX,0.1165248648630477,0
2842-JTCCU,0.3702897160909059,0
7402-PWYJJ,0.11694010162993869,0
5143-WMWOG,0.38252080756520584,0
5995-LFTLE,0.011656984407060538,0
8943-URTMR,0.6813399780646979,1
7083-YNSKY,0.153090173346699,0
1038-RQOST,0.16258884154168607,0
0454-OKRCT,0.3419613750308043,0
7241-AJHFS,0.3667814684410607,0
8788-DOXSU,0.016156914320976695,0
3262-EIDHV,0.017595654816435533,0
6856-RAURS,0.680178344997179,1
6050-FFXES,0.14738500971603682,0
0565-IYCGT,0.009685135399223617,0
1535-VTJOQ,0.09072302247581486,0
9938-PRCVK,0.04364016043016603,0
1135-HIORI,0.11543830638579915,0
3441-CGZJH,0.025574274138696694,0
5317-FLPJF,0.02216792416965251,0
3951-NJCVI,0.44610847426342426,0
3966-HRMZA,0.797543095034964,1
0193-ESZXP,0.16325611690466416,0
2642-MAWLJ,0.05967280096702583,0
1767-TGTKO,0.29867887749523,0
3855-ONCAR,0.6601897705475869,1
5846-QFDFI,0.28275312899697785,0
8871-JLMHM,0.08794057579677234,0
4706-DGAHW,0.5487699739316846,1
6956-SMUCM,0.5936610471205669,1
3452-SRFEG,0.1891815467858975,0
6827-IEAUQ,0.08396811013252464,0
0280-XJGEX,0.26252613201473957,0
4210-QFJMF,0.6614489703073796,1
3506-LCJDC,0.38252080756520584,0
6919-ELBGL,0.2696331935105081,0
3088-LHEFH,0.5904267738282042,1
5998-DZLYR,0.15750991471577488,0
2703-AMTUL,0.0468734364127292,0
4636-JGAAI,0.35115166782939977,0
5016-ETTFF,0.25983206139499343,0
9367-TCUYN,0.23147415521171835,0
4464-JCOLN,0.23284914917190436,0
4853-OITSN,0.6522796457613405,1
5947-SGKCL,0.5700251994980883,1
6522-YRBXD,0.5245301011797334,1
3085-QUOZK,0.38434228128092296,0
2626-VEEWG,0.005796515050001768,0
3512-IZIKN,0.014154859718735213,0
0310-SUCIN,0.014825340448849395,0
0853-NWIFK,0.1720395349819436,0
8042-RNLKO,0.005301420758081861,0
3797-FKOGQ,0.5876213501789175,1
3724-UCSHY,0.3093153531562815,0
5804-JMYIO,0.0493121072266506,0
2207-NHRJK,0.38486275824235777,0
7140-ADSMJ,0.21649097628152655,0
5583-SXDAG,0.6910194251386738,1
0322-YINQP,0.38469176952977524,0
3378-AJRAO,0.020203209740113345,0
9822-WMWVG,0.3311722607848989,0
0513-RBGPE,0.06414291840103412,0
9912-GVSEQ,0.6048877205987144,1
1345-ZUKID,0.12373021057973178,0
8639-NHQEI,0.11287147202439268,0
4223-BKEOR,0.10591126372515472,0
9957-YODKZ,0.7752345906430971,1
3746-EUBYR,0.6913346350364564,1
9261-WDCAF,0.36179905603194185,0
4236-UJPWO,0.36775197364009565,0
5014-GSOUQ,0.22010213794653657,0
9174-IHETN,0.1257195748941546,0
7982-VCELR,0.28332422593131557,0
4104-PVRPS,0.15348222983245616,0
3027-YNWZU,0.007894381957724081,0
6351-SCJKT,0.3557541775604549,0
4702-HDRKD,0.008283309307413483,0
5650-YLIBA,0.37403411545002446,0
5249-QYHEX,0.04997887367956566,0
7963-SHNDT,0.029438986468715407,0
7216-KAOID,0.023290415392853227,0
7013-PSXHK,0.05260907600739104,0
4667-QONEA,0.026431481230145028,0
4878-BUNFV,0.041061302156563555,0
8107-RZLNV,0.1340600538780814,0
5569-OUICF,0.5171341560080142,1
5960-MVTUK,0.35498934106295466,0
5196-SGOAK,0.6914099849406381,1
2019-HDCZY,0.16393082265287484,0
0015-UOCOJ,0.465415839802242,0
7114-AEOZE,0.012846834631573295,0
1619-YWUBB,0.005999730597999766,0
6377-WHAOX,0.20132985878833617,0
7395-IGJOS,0.6751466522293362,1
5159-YFPKQ,0.6819008022919377,1
6701-YVNQG,0.02000753943193839,0
4195-NZGTA,0.3829227678309854,0
6483-OATDN,0.23037386156272285,0
2275-RBYQS,0.384452433187752,0
7480-SPLEF,0.008403619150105124,0
2057-BOYKM,0.19217487210006715,0
6047-SUHPR,0.043233388319360466,0
6504-VBLFL,0.0335282719088761,0
7005-CCBKV,0.6464593888213686,1
0531-ZZJWQ,0.24762997823587962,0
2150-OEGBV,0.056745760473854635,0
5299-SJCZT,0.6759436916609666,1
6772-WFQRD,0.025420671790584205,0
3795-CAWEX,0.13162659171799365,0
3177-LASXD,0.6911119508416768,1
5057-LCOUI,0.07198277633426677,0
9651-GTSAQ,0.1505264013173812,0
0253-ZTEOB,0.06892111902257106,0
4627-MIHJH,0.20285964894149092,0
6937-GCDGQ,0.10788054078771699,0
4208-UFFGW,0.5342028212093793,1
4391-RESHN,0.5005867955124215,1
6258-NGCNG,0.2976025728589222,0
6481-ESCNL,0.42666375260133543,0
4598-XLKNJ,0.6318253253123849,1
3538-WZPHD,0.3537113676072639,0
7341-LXCAF,0.660308592169172,1
8904-OPDCK,0.040299333722198544,0
1459-QNFQT,0.01649117559935854,0
5840-NVDCG,0.2314934951952361,0
2592-HODOV,0.09452973569176348,0
5766-FTRTS,0.025954639237660938,0
2159-TURXX,0.25102433492226367,0
9577-WJVCQ,0.016430914515201563,0
7593-XFKDI,0.3845208092976675,0
9591-YVTEB,0.05294684629533074,0
5334-AFQJB,0.009254093094075306,0
8208-EUMTE,0.22034009760833415,0
8041-TMEID,0.2512038568413748,0
4121-AGSIN,0.006183839429535134,0
5448-VWNAM,0.2090444451481475,0
4302-ZYFEL,0.0027413288560346042,0
1091-SOZGA,0.08477432579919857,0
6682-VCIXC,0.0309281577296839,0
4039-HEUNW,0.5123459951485296,1
6319-IEJWJ,0.4985509610905412,0
0643-OKLRP,0.35160167407946424,0
1984-GPTEH,0.09432292105371656,0
5248-YGIJN,0.02043847197311335,0
8016-ZMGMO,0.0268002775752829,0
9648-BCHKM,0.1298778652771998,0
5939-SXWHM,0.03088356584349117,0
5480-XTFFL,0.08269030043640833,0
8747-UDCOI,0.009587626197630034,0
5574-NXZIU,0.14930163234910965,0
8219-VYBVI,0.05315542212321007,0
3276-HDUEG,0.691365461228192,1
3197-ARFOY,0.6913045808948463,1
3315-TOTBP,0.5360437434461836,1
0795-GMVQO,0.07027930575164573,0
5067-DGXLL,0.3670356990168995,0
7113-HIPFI,0.021507263854566444,0
1051-GEJLJ,0.36634609362928433,0
5439-WIKXB,0.4564167659026219,0
7088-FBAWU,0.22461160111463022,0
3211-ILJTT,0.5070323401362079,1
6849-OYAMU,0.36694256608496717,0
5245-VDBUR,0.015519221607758418,0
3034-ZBEQN,0.01838226169342607,0
7799-LGRDP,0.030488054933479832,0
6870-ZWMNX,0.01660213371757609,0
1830-GGFNM,0.10021741679060467,0
6010-DDPPW,0.008196390553142635,0
7184-LRUUR,0.10238533597158309,0
6169-PPETC,0.06461213088340857,0
3585-YNADK,0.023342354619417305,0
1334-PDUKM,0.04078713081337993,0
0727-IWKVK,0.6102846420748645,1
1052-QJIBV,0.004521479078133213,0
9313-QOLTZ,0.1084738410646261,0
5016-IBERQ,0.46038099164417584,0
7892-POOKP,0.45753598860610073,0
4186-ZBUEW,0.05580465233884655,0
4819-HJPIW,0.17541391951743865,0
8634-MPHTR,0.43131999512701286,0
8622-ZLFKO,0.643217064447208,1
2017-CCBLH,0.2808351778604557,0
5760-WRAHC,0.304866154660554,0
3845-FXCYS,0.36661814296329226,0
1971-DTCZB,0.029733404385670865,0
0455-ENTCR,0.033734267479830035,0
8564-LDKFL,0.2121955837115868,0
2316-ESMLS,0.10634647369986916,0
5686-CMAWK,0.3644892689661448,0
5956-YHHRX,0.6787788718529264,1
5575-GNVDE,0.0528852391063258,0
7797-EJMDP,0.3097369152216998,0
9184-GALIL,0.05314940933148137,0
2718-GAXQD,0.5062458312188854,1
4369-HTUIF,0.7778250094343427,1
3887-PBQAO,0.01419745624773363,0
8969-PRHFK,0.09833834510316704,0
4439-JMPMT,0.6564690013121989,1
4102-HLENU,0.021528028988720797,0
9975-GPKZU,0.022303654073570982,0
2273-QCKXA,0.38472976456150454,0
4958-GZWIY,0.3089466394901506,0
6087-YPWHO,0.017667997225571816,0
1333-PBMXB,0.011084633018249294,0
9142-KZXOP,0.15514370717382706,0
4176-FXYBO,0.26060461471329627,0
2868-MZAGQ,0.6916530901397,1
7779-ORAEL,0.09973626166897195,0
1685-VAYJF,0.19862721543949205,0
7359-WWYJV,0.12366766492384947,0
6296-DDOOR,0.11068183193330196,0
1527-SXDPN,0.2206007179321437,0
7080-TNUWP,0.0642512248698644,0
8319-QBEHW,0.06970622165440492,0
4584-LBNMK,0.026922582112006616,0
4195-PNGZS,0.008196593694580883,0
1041-RXHRA,0.2392248265358113,0
7989-VCQOH,0.23441004779258245,0
6393-WRYZE,0.3664604974167174,0
9490-DFPMD,0.41439418443280096,0
9835-ZIITK,0.19143167446992496,0
9871-ELEYA,0.07970183590703536,0
2180-DXNEG,0.5834277107210498,1
6339-TBELP,0.06953289579358747,0
1569-TTNYJ,0.6521959064581739,1
8679-LZBMD,0.15930620190834838,0
5228-EXCET,0.5617372821367218,1
9978-HYCIN,0.23194635312467365,0
8345-MVDYC,0.07801367170726971,0
8232-UTFOZ,0.005216375466098893,0
4821-SJHJV,0.37693404324383917,0
5443-SCMKX,0.10534249911252665,0
3717-LNXKW,0.321632383645682,0
6578-KRMAW,0.30359034126663764,0
3871-IKPYH,0.8132183070310742,1
2656-FMOKZ,0.6933124403071631,1
8100-PNJMH,0.025094745310642614,0
5736-YEJAX,0.01919959798431157,0
5348-CAGXB,0.5802761358610377,1
4781-ZXYGU,0.3825359729632496,0
9174-FKWZE,0.54672220303859,1
4298-OYIFC,0.5684941531601897,1
1684-FLBGS,0.13233207108271863,0
5895-QSXOD,0.6038369353802565,1
3351-NGXYI,0.352985211468326,0
8305-VHZBZ,0.3825397643485041,0
6402-EJMWF,0.3490523418157798,0
1169-SAOCL,0.16278953467720375,0
5945-AZYHT,0.08719608476896006,0
3763-GCZHZ,0.09109220546490661,0
8646-JCOMS,0.07282737521716047,0
4976-LNFVV,0.21872401534254557,0
0468-YRPXN,0.3382653133381875,0
3331-HQDTW,0.3951925034035852,0
1845-ZLLIG,0.38481335857996185,0
4915-BFSXL,0.014605044651444793,0
8859-DZTGQ,0.0722990234161129,0
7839-NUIAA,0.02643289603774137,0
5968-HYJRZ,0.03223870714703058,0
2265-CYWIV,0.7934709318795857,1
7826-VVKWT,0.6297077526467498,1
8861-HGGKB,0.6000387582148093,1
7029-RPUAV,0.6161269738457075,1
9494-MRNYX,0.5966015767357817,1
0117-LFRMW,0.06951068913482678,0
2984-AFWNC,0.6755779242831399,1
1212-GLHMD,0.6721703026767384,1
0018-NYROU,0.6477699963363132,1
1310-QRITU,0.1966121952645357,0
8695-WDYEA,0.38489695939923185,0
6661-EIPZC,0.023167292617037042,0
9073-ZZIAY,0.04020836030533138,0
7746-AWNQW,0.10840072885826407,0
1400-WIVLL,0.2132912552102742,0
2219-MVUSO,0.3004740566914212,0
2475-MROZF,0.3256351948970964,0
5986-WWXDV,0.026616595205152152,0
2400-XIWIO,0.030341605034102867,0
3865-ZFZIB,0.1601214094956016,0
1934-MKPXS,0.02728592541692097,0
4011-ARPHK,0.1311038983224659,0
0870-VEMYL,0.2610674717618452,0
8259-NFJTV,0.3025650910803894,0
6689-KXGBO,0.38484375809123783,0
9619-GSATL,0.03387150207846018,0
7743-EXURX,0.2989008356548851,0
6502-HCJTI,0.7075246859718565,1
6328-ZPBGN,0.7415673115613498,1
6599-CEBNN,0.24614442707683434,0
5339-TJFEK,0.18292941718815905,0
0014-BMAQU,0.09305998376643569,0
8123-QBNAZ,0.2911649376766399,0
6877-TJMBR,0.6920329432336618,1
5143-EGQFK,0.4088363438431029,0
3207-OYBWH,0.3072526283436979,0
0298-XACET,0.03516321689034987,0
7950-XWOVN,0.2540446708162783,0
1536-HBSWP,0.3847943593420671,0
4489-SNOJF,0.10990078563461039,0
3890-RTCMS,0.21394731910596726,0
1159-WFSGR,0.18929201303966672,0
8990-YOZLV,0.02027741063712648,0
8048-DSDFQ,0.3825397643485041,0
0274-JKUJR,0.31761035605866544,0
3727-OVPRY,0.0037506163034563044,0
0613-WUXUM,0.006902056504348377,0
7339-POGZN,0.3473074061663878,0
8690-ZVLCL,0.025325104588306318,0
5663-QBGIS,0.1973045205788931,0
6122-LJADA,0.02255056696075804,0
8640-SDGKB,0.35352954773321615,0
1240-HCBOH,0.009569792258093216,0
1215-VFYVK,0.34641284784958043,0
8184-WMOFI,0.012057484631956149,0
2277-AXSDC,0.0411502186374565,0
8727-JQFHV,0.01584684482649498,0
9728-FTTVZ,0.6909645878625462,1
3002-WQZWT,0.3589909088358396,0
7446-YPODE,0.4204316092912627,0
5712-PTIWW,0.6813225527378125,1
1049-FYSYG,0.1449893614533724,0
3569-JFODW,0.02233886639891287,0
1735-XMJVH,0.28154893682349325,0
3084-DOWLE,0.029787167841809282,0
4304-TSPVK,0.18389020813015647,0
5405-ZMYXQ,0.5263655634435461,1
5375-XLDOF,0.16537392605136547,0
9904-EHEVJ,0.540459075385351,1
6407-GSJNL,0.02540989909080604,0
9373-WSLOY,0.17583896146303243,0
1925-GMVBW,0.25105753265802616,0
8676-TRMJS,0.6696363352357719,1
1131-QQZEB,0.013923546097737851,0
3082-YVEKW,0.18339818672966926,0
8149-RSOUN,0.6926517858657831,1
6156-UZDLF,0.21845626911203642,0
3091-FYHKI,0.3836968020722869,0
3566-VVORZ,0.2479895409581813,0
4524-QCSSM,0.12993546322975968,0
9602-WCXPI,0.009276485096660946,0
2578-JQPHZ,0.2918138354089552,0
2931-FSOHN,0.3956200587866282,0
0829-XXPLX,0.5061429642801547,1
6620-JDYNW,0.20922911010686743,0
1866-DIOQZ,0.009640450499140231,0
9526-JAWYF,0.43648667030720306,0
9862-KJTYK,0.12530510092682867,0
1207-BLKSA,0.023454891297400363,0
5777-ZPQNC,0.13762654121700316,0
6022-KOUQO,0.36762882229560695,0
9129-UXERG,0.6131746250426602,1
3716-UVSPD,0.38474876260465685,0
3283-WCWXT,0.31140418514413665,0
0616-ATFGB,0.5471676805056565,1
2696-NARTR,0.5901899752929161,1
5135-GRQJV,0.2782881201250036,0
4785-FCIFB,0.013122783563142202,0
8215-NGSPE,0.0411207540000027,0
3627-FCRDW,0.6049921286200841,1
2293-IJWPS,0.09112784165919986,0
4194-WHFCB,0.17177500991714065,0
3404-JNXAX,0.18678502259813745,0
2696-ECXKC,0.12168384238834794,0
1564-NTYXF,0.7216610682060699,1
8812-ZRHFP,0.24538095092374887,0
0970-QXPXW,0.3824980598971074,0
5215-LNLDJ,0.2959978840620557,0
4039-PIMHX,0.0772047667814701,0
8096-LOIST,0.1944595818119085,0
1525-LNLOJ,0.022142191330382182,0
9795-NREXC,0.027072351960623752,0
7581-EBBOU,0.01277715366028324,0
0637-KVDLV,0.6820191698601751,1
0516-QREYC,0.2115353541349196,0
6103-BOCOU,0.42528482223328,0
4522-AKYLR,0.39124941323238116,0
7623-HKYRK,0.30854431211025807,0
2061-VVFST,0.05727859658415549,0
1448-CYWKC,0.09159881256954211,0
1016-DJTSV,0.756256402967894,1
0530-IJVDB,0.1651070051570928,0
6419-ZTTLE,0.1320290398695396,0
5793-YOLJN,0.018746391153588532,0
4895-TMWIR,0.3858272106157936,0
2478-EEWWM,0.02239482784473475,0
1264-BYWMS,0.20062561052722397,0
5748-RNCJT,0.1518015424930596,0
0961-ZWLVI,0.1244557030222974,0
2486-WYVVE,0.0772765504309367,0
5204-QZXPU,0.17698998245485556,0
9895-VFOXH,0.3828582917084736,0
5702-KVQRD,0.026136058514836878,0
2746-DIJLO,0.026960866202608427,0
5537-UXXVS,0.15144179248171188,0
3370-GQEAL,0.38098412081506494,0
9585-KKMFD,0.04466368320211709,0
6339-RZCBJ,0.04798669140621707,0
4526-ZJJTM,0.6073653637020165,1
7074-IEVOJ,0.7976545191428109,1
5949-EBSQK,0.2731623324038341,0
1363-TXLSL,0.8132768147876802,1
6619-RPLQZ,0.03406106489583623,0
0181-RITDD,0.199731534214802,0
2072-ZVJJX,0.008826823571170633,0
5897-ZYEKH,0.16326968951974485,0
3058-WQDRE,0.225001054836529,0
2408-PSJVE,0.06778979803558186,0
8947-YRTDV,0.2542874757514452,0
5419-JPRRN,0.6931709421251839,1
6142-VSJQO,0.3843726668296779,0
9122-UMROB,0.3825473471619025,0
3298-QEICA,0.1421960876003884,0
4879-GZLFH,0.2880141859807794,0
9448-REEVD,0.3050268849870039,0
6400-BWQKW,0.637468785925503,1
8580-QVLOC,0.03990621970165789,0
8875-AKBYH,0.6571452241273463,1
0883-EIBTI,0.3666442343568544,0
6671-NGWON,0.2961015847168309,0
8627-EHGIP,0.03093847543162987,0
2027-DNKIV,0.047465314251051105,0
2692-PFYTJ,0.3829606968864826,0
3892-NXAZG,0.12071169496405637,0
6408-OTUBZ,0.08818586435563569,0
3623-FQBOX,0.14410210922808508,0
5590-YRFJT,0.15593230085784113,0
7075-BNDVQ,0.3415953203469507,0
1494-EJZDW,0.25771077668330566,0
5124-EOGYE,0.08126131557309652,0
0696-UKTOX,0.1628770311753068,0
6637-KYRCV,0.327922013151704,0
4229-CZMLL,0.6400836042021293,1
2189-UXTKY,0.1935142408973027,0
1409-PHXTF,0.4038144830330032,0
6527-PZFPV,0.04839999351495613,0
0480-BIXDE,0.5137343681826858,1
9560-ARGQJ,0.5327346080527002,1
1343-EHPYB,0.17785444637571368,0
3873-WOSBC,0.00680042707799364,0
1194-SPVSP,0.3824980598971074,0
0258-NOKBL,0.6738376058042324,1
9117-SHLZX,0.3844752247172568,0
0354-WYROK,0.559326216932213,1
3494-JCHRQ,0.6910228522898042,1
4154-AQUGT,0.7243708897775692,1
0411-EZJZE,0.3604214614092842,0
2603-HVKCG,0.41254857972053527,0
1205-WNWPJ,0.31415899126791186,0
4816-LXZYW,0.4372633000758506,0
8908-NMQTX,0.016367938934376918,0
7666-WKRON,0.28764130157991424,0
5394-MEITZ,0.0424581895673991,0
0731-EBJQB,0.011788365849426942,0
9680-NIAUV,0.11536845875414084,0
9134-WYRVP,0.1120618158572764,0
5382-SOYZL,0.4937835531325956,0
9356-AXGMP,0.251901479288302,0
4323-ELYYB,0.12784173173166444,0
1996-DBMUS,0.31568943987678977,0
2582-FFFZR,0.16215948418738957,0
5229-DTFYB,0.3086026368016265,0
9866-QEVEE,0.49683573287801047,0
7905-NJMXS,0.4761851719384992,0
2796-NNUFI,0.03213248642145281,0
1450-SKCVI,0.13749333374888403,0
9337-SRRNI,0.00704679575895836,0
8229-BUJHX,0.006636226447682383,0
7161-DFHUF,0.007008423024332699,0
9894-EZEWG,0.6115218067760171,1
2568-BRGYX,0.655724939798203,1
7206-PQBBZ,0.731416090264493,1
3108-PCCGG,0.03376499716678667,0
8645-KWHJO,0.23740238529380353,0
7065-YUNRY,0.3844448361239687,0
2143-LJULT,0.0066891329216242894,0
9488-FVZCC,0.023104836610205518,0
9614-RMGHA,0.13164124225416063,0
0114-IGABW,0.015376030650562245,0
0691-JVSYA,0.12158285742711633,0
0134-XWXCE,0.07647010744503058,0
6762-QVYJO,0.03237815607924975,0
7207-RMRDB,0.1749253802694083,0
2691-NZETQ,0.6115742241160299,1
9506-UXUSK,0.5556466792710166,1
5968-VXZLG,0.37085505501026145,0
0336-PIKEI,0.04013698621851853,0
7978-DKUQH,0.41180709624557055,0
1855-CFULU,0.49901098489889284,0
6474-FVJLC,0.6822279964360836,1
2911-WDXMV,0.4172440860115255,0
2164-SOQXL,0.15271681262623218,0
4979-HPRFL,0.018565500339967057,0
0744-BIKKF,0.02755669107594674,0
9306-CPCBC,0.6697215524430635,1
5498-TXHLF,0.34198464793476496,0
7639-LIAYI,0.04187103544340048,0
4282-YMKNA,0.6076013641336574,1
5294-CDGWY,0.023211469323226777,0
6621-YOBKI,0.3226764149511098,0
0678-RLHVP,0.24758771067470445,0
8614-VGMMV,0.2195760072462371,0
9513-DXHDA,0.09270254148045975,0
5027-XWQHA,0.31956017155070005,0
1704-NRWYE,0.7536475456477211,1
4227-OJHAL,0.009775701156880697,0
5378-IKEEG,0.3837195767306318,0
0027-KWYKW,0.45097342334949475,0
7694-VLBWQ,0.08919968074148417,0
6648-INWPS,0.1902768092820443,0
1591-XWLGB,0.004495975173631239,0
3508-VLHCZ,0.021040395234635925,0
8752-GHJFU,0.11014391839156948,0
1142-IHLOO,0.08663804438461674,0
5835-BEQEU,0.6710055580815444,1
1336-EZFZY,0.33781849918799955,0
7710-JSYOA,0.11652489728598743,0
1360-JYXKQ,0.2240338351677667,0
5371-VYLSX,0.32429476731251833,0
9534-NSXEM,0.04388743742211685,0
1035-IPQPU,0.2881937906001993,0
8705-WZCYL,0.3844068516505874,0
4868-AADLV,0.2105200911992974,0
3870-MQAMG,0.14649433706026369,0
6960-HVYXR,0.6914305331468795,1
1320-HTRDR,0.6704525414273962,1
6946-LMSQS,0.4464076915991802,0
1092-WPIVQ,0.17318009801847412,0
4910-GMJOT,0.6927030401201777,1
7580-UGXNC,0.5357242407035548,1
2460-FPSYH,0.12672599406029056,0
0815-MFZGM,0.2360848038176757,0
3589-PPVKW,0.27978744974472275,0
0704-VCUMB,0.008859138893860507,0
0657-DOGUM,0.028344834922229542,0
3284-SVCRO,0.03656328076805838,0
3451-VAWLI,0.04589536421006235,0
6461-SZMCV,0.03086012717676116,0
4324-AHJKS,0.26358964637073967,0
2676-ISHSF,0.3825473471619025,0
4877-TSOFF,0.02597064709908921,0
6917-YACBP,0.2821999688751959,0
5196-WPYOW,0.010259494178274146,0
7765-LWVVH,0.1093522926969717,0
6199-IWKGC,0.2911843243325866,0
6368-TZZDT,0.26478644826727665,0
1867-TJHTS,0.13705779276516247,0
8902-ZEOVF,0.01604900503227365,0
0254-WWRKD,0.006045905444479589,0
5084-OOVCJ,0.1562568022265811,0
5236-PERKL,0.24117609886350294,0
4397-FRLTA,0.3379046802810696,0
4060-LDNLU,0.6361673859403156,1
0023-XUOPT,0.578016562533884,1
1010-DIAUQ,0.6580310852611139,1
9249-FXSCK,0.12298755715170026,0
5709-LVOEQ,0.39800970827557935,0
1557-EMYVT,0.26859668413220616,0
9046-DQMTP,0.06423578420036927,0
3813-DHBBB,0.016727567733467553,0
9054-FOWNV,0.4715466898280532,0
7893-IXHRQ,0.38256630444556755,0
8780-YRMTT,0.01609684238425555,0
6121-VZNQB,0.3824563571761415,0
3896-RCYYE,0.012033654075400642,0
5243-SAOTC,0.16463825980095428,0
8996-ZROXE,0.029443772590292152,0
3823-KYNQY,0.10143537410768183,0
5321-NTRKC,0.030699608288751352,0
5673-FSSMF,0.3855736155978344,0
8022-BECSI,0.07598296114340458,0
1184-PJVDB,0.6020671462209685,1
6732-FZUGP,0.11663899614711165,0
4455-BFSPD,0.10857944409995222,0
2649-HWLYB,0.029919611825342484,0
3865-QBWSJ,0.45477519939722894,0
8075-GXIUB,0.20888945555900867,0
7421-ZLUPA,0.28640209956740414,0
5286-YHCVC,0.13054987535752105,0
1728-CXQBE,0.24909520785583067,0
7925-PNRGI,0.07624055964384573,0
9778-OGKQZ,0.02326653558958391,0
9308-ANMVE,0.051060688081819634,0
0195-IESCP,0.6019210030580698,1
3620-EHIMZ,0.021867158723266295,0
3195-TQDZX,0.3523915223502839,0
3804-RVTGV,0.2478170405600471,0
1641-BYBTK,0.3076341449528602,0
0567-GGCAC,0.31574860593379017,0
2027-OAQQC,0.056155942957817825,0
8854-CCVSQ,0.5082457161243018,1
9761-XUJWD,0.3402552370203791,0
7998-WNZEM,0.025138186989093533,0
8111-RKSPX,0.6606073573279211,1
1852-XEMDW,0.17820985987086008,0
8573-CGOCC,0.1399529655735064,0
8402-OOOHJ,0.04405604827744413,0
8400-WZICQ,0.03419197731133861,0
6522-OIQSX,0.011108495691958388,0
2896-TBNBE,0.1614464666834194,0
3604-WLABM,0.28057229470294137,0
9447-YPTBX,0.012956101720479682,0
2155-AMQRX,0.09235786834464675,0
5465-BUBFA,0.043215409132411155,0
7739-LAXOG,0.3809155544116944,0
4192-GORJT,0.6584319028714074,1
1707-HABPF,0.2514141692855389,0
0618-XWMSS,0.38129122285026507,0
6048-QBXKL,0.4489522196714282,0
5119-KEPFY,0.35075271952776027,0
9153-BTBVV,0.007191498108790289,0
4283-FUTGF,0.653467191792663,1
5119-NZPTV,0.8057844669081948,1
9752-ZNQUT,0.38469556896966495,0
9494-BDNNC,0.07597622175690795,0
3969-JQABI,0.024216139885744725,0
4925-LMHOK,0.17694562392028168,0
7021-XSNYE,0.23708199422413395,0
4815-GBTCD,0.3390152217254575,0
6839-ITVZJ,0.14754528410256482,0
4701-AHWMW,0.03260151072655083,0
0867-MKZVY,0.48377330991313106,0
3594-BDSOA,0.04859479700947354,0
6024-RUGGH,0.006797328972127094,0
8099-MZPUJ,0.23448383952852836,0
3988-RQIXO,0.8142984154995128,1
4501-UYKBC,0.04783683304222261,0
3950-VPYJB,0.017813817949198705,0
6823-SIDFQ,0.03755140469675573,0
9968-FFVVH,0.01412511548157325,0
4323-OHFOW,0.13920668760617397,0
5129-JLPIS,0.4821749056538868,0
6116-RFVHN,0.3820286039298337,0
5167-ZFFMM,0.61278323188344,1
4529-CKBCL,0.6808762917837917,1
0270-THENM,0.01938074002952524,0
4132-KALRO,0.667318599420205,1
2270-CHBFN,0.2073177057723293,0
8245-UMPYT,0.7076415576720636,1
9089-UOWJG,0.19995001156961478,0
5930-GBIWP,0.0195085038726645,0
9798-OPFEM,0.032232476248656966,0
9906-NHHVC,0.03677085763645168,0
7691-XVTZH,0.11004398137580403,0
7182-OVLBJ,0.19029388893013702,0
1386-ZIKUV,0.29476179343213105,0
7272-QDCKA,0.2824958878431833,0
5293-WXJAK,0.7498458829260268,1
4906-ZHGPK,0.023854453744349968,0
3798-EPWRR,0.5341988271324576,1
5087-SUURX,0.18455918972385857,0
6738-ISCBM,0.031568778445597696,0
8844-TONUD,0.573880709868684,1
6266-QHOJZ,0.07146128087356755,0
4213-HKBJO,0.054131718628047075,0
7952-OBOYL,0.6721420056792043,1
2542-HYGIQ,0.3033451795406377,0
1297-VQDRP,0.12214918630226251,0
1077-HUUJM,0.6236664988251163,1
5287-QWLKY,0.18457381898270098,0
1935-IMVBB,0.17362496481235337,0
3709-OIJEA,0.2787117196227891,0
4001-TSBTV,0.17890314679657707,0
2604-IJPDU,0.5085902678807712,1
3791-LGQCY,0.3412553800022904,0
5828-DWPIL,0.24803722070912695,0
2320-TZRRH,0.08616157517025858,0
7883-ROJOC,0.1820157377176848,0
3373-YZZYM,0.38246393936031015,0
0619-OLYUR,0.11347365815289562,0
4248-QPAVC,0.6845268122607867,1
0269-XFESX,0.07361207239482112,0
5202-IVJNU,0.03947863125238787,0
4918-QLLIW,0.284907159911158,0
5365-LLFYV,0.37218180464453154,0
9462-MJUAW,0.34672909235757515,0
4183-MYFRB,0.4876082128069912,0
9586-JGQKH,0.17640495697478054,0
6103-LIANB,0.13758878250366718,0
4990-ALDGW,0.01582508054664215,0
9776-OJUZI,0.24427337823260384,0
5386-THSLQ,0.01564786964182591,0
3745-HRPHI,0.018579963246395912,0
2740-TVLFN,0.38481335857996185,0
4359-INNWN,0.07443850800868487,0
8778-LMWTJ,0.607723821622897,1
5232-NXPAY,0.0661463771148428,0
6900-RBKER,0.14840707747973586,0
1640-PLFMP,0.6910365606841582,1
7881-EVUAD,0.3696948095635939,0
3402-XRIUO,0.29385134249436035,0
8007-YYPWD,0.20297518193724992,0
3500-RMZLT,0.7121555670360036,1
6719-FGEDO,0.11778552179818923,0
0107-YHINA,0.6930548575053104,1
2878-RMWXY,0.174155623551946,0
0930-EHUZA,0.0574231035853482,0
3317-VLGQT,0.553102659283751,1
9659-QEQSY,0.3277813994192628,0
7020-OZKXZ,0.674569924917177,1
1265-HVPZB,0.012601110124625694,0
5318-YKDPV,0.06321427566682832,0
0203-HHYIJ,0.06715509709580263,0
6322-HRPFA,0.0350140209911592,0
6304-IJFSQ,0.3574371957200509,0
4800-VHZKI,0.3825170162514404,0
4145-UQXUQ,0.7654324139800495,1
5599-HVLTW,0.7024581804516079,1
6942-LBFDP,0.36679707107410586,0
5229-PRWKT,0.6202148193412594,1
0402-OAMEN,0.006605446812705778,0
6950-TWMYB,0.16702740598012017,0
9800-OUIGR,0.006404746566654283,0
0307-BCOPK,0.10909871940175378,0
8845-LWKGE,0.07118800497446394,0
4806-DXQCE,0.26734481866051535,0
2639-UGMAZ,0.014897073111938542,0
4614-NUVZD,0.6917797366882337,1
2236-HILPA,0.008095784452214937,0
6353-BRMMA,0.2324153107045042,0
6664-FPDAC,0.2553783267700671,0
4710-NKCAW,0.264619127762348,0
4342-HFXWS,0.02868633234914684,0
3063-QFSZL,0.38521242364255,0
9470-RTWDV,0.0689015708162338,0
5515-AKOAJ,0.22088755884427677,0
9489-UTFKA,0.46452713577609317,0
5311-IHLEI,0.25401256009264805,0
5666-MBJPT,0.010904497167497591,0
1338-CECEE,0.04391091554321414,0
6635-MYYYZ,0.08366652496909587,0
0224-NIJLP,0.2823873853224445,0
5027-QPKTE,0.622041377812508,1
5989-AXPUC,0.19105348575787282,0
7426-WEIJX,0.2297313485557742,0
5297-MDOIR,0.04865628329420631,0
7249-WBIYX,0.5987282933624661,1
5760-IFJOZ,0.6770151349839347,1
9258-CNWAC,0.12417224654520317,0
3199-XGZCY,0.6146831897062477,1
7695-PKLCZ,0.00564671689607442,0
4106-HADHQ,0.03992042638955834,0
7996-BPXHY,0.22503744358286498,0
9385-EHGDO,0.06422517174469301,0
9135-MGVPY,0.0304689516470938,0
5701-GUXDC,0.049347492739569225,0
2773-MADBQ,0.0849062403156368,0
7564-GHCVB,0.07910994645868853,0
0524-IAVZO,0.38967472306521206,0
4693-VWVBO,0.352362217946693,0
8565-CLBZW,0.4583258136026104,0
6961-VCPMC,0.3517537606989142,0
0422-OHQHQ,0.11523647106279324,0
5640-CAXOA,0.040026998765053536,0
7136-IHZJA,0.08628917492657563,0
3696-XRIEN,0.025410426418483876,0
8999-BOHSE,0.744634592480049,1
3537-RYBHH,0.08192543921710069,0
6599-RCLCJ,0.29701655467044363,0
4923-ADWXJ,0.1594806002090269,0
6218-KNUBD,0.3256388797168766,0
2595-KIWPV,0.0735514558718727,0
3621-CHYVB,0.02669697734766344,0
5656-MJEFC,0.04241241616172688,0
1094-BKOSX,0.027883745761677566,0
4836-WNFNO,0.004864990482504139,0
1623-NLDOT,0.02659927154598351,0
6621-NRZAK,0.007519270814599572,0
2481-SBOYW,0.00949993138901995,0
3549-ZTMNH,0.23411445526073987,0
4588-YBNIB,0.3824942686691423,0
7315-WYOAW,0.5856435802459736,1
2884-GBPFB,0.2946581265742282,0
0410-IPFTY,0.3765630092126206,0
1813-JYWTO,0.07927147007268093,0
3973-SKMLN,0.004460909299277331,0
5447-VYTKW,0.13294695766897488,0
3680-CTHUH,0.1022278359088063,0
7277-KAMWT,0.1666349719235833,0
6475-VHUIZ,0.15893723256976433,0
2636-ALXXZ,0.8132426869790504,1
5307-UVGNB,0.032222515016286715,0
1661-CZBAU,0.03462869734999465,0
4274-OWWYO,0.6913175086380028,1
8080-DDEMJ,0.5487620245717305,1
8540-ZQGEA,0.013741160630582649,0
4795-KTRTH,0.7828203775474957,1
6305-YLBMM,0.08351995815832204,0
7245-NIIWQ,0.6689790790598422,1
9967-ATRFS,0.16052764908811204,0
5931-FLJJF,0.7631380168851958,1
9921-QFQUL,0.46651570538305054,0
7721-DVEKZ,0.3824980598971074,0
9415-ZNBSX,0.03233911375946045,0
8249-THVEC,0.012283905601805424,0
3154-CFSZG,0.2353197337408434,0
2378-HTWFW,0.42220815174846044,0
5998-VVEJY,0.4171299164987458,0
7820-ZYGNY,0.05840594624635868,0
8118-LSUEL,0.6621986168965349,1
9938-EKRGF,0.2548600530383998,0
2672-HUYVI,0.6390105244805251,1
5871-DGTXZ,0.04094235444573632,0
7649-SIJJF,0.024189968463979836,0
8695-ARGXZ,0.46703157054238204,0
6582-PLFUU,0.0168893001276897,0
4056-QHXHZ,0.1344836043347081,0
4009-ALQFH,0.45683359246804106,0
6765-MBQNU,0.06295777267203136,0
4611-ANLQC,0.011935215841235204,0
4480-QQRHC,0.7578682767776921,1
0854-UYHZD,0.2212975206677124,0
1078-TDCRN,0.5161905886612895,1
8203-XJZRC,0.3825435557480552,0
4450-YOOHP,0.050058467100558286,0
5220-AGAAX,0.00864914749244641,0
8051-HJRLT,0.8132890021263204,1
1936-UAFEH,0.11671730635279645,0
3638-WEABW,0.022135329577797104,0
9053-EJUNL,0.2875587101881757,0
3258-SYSWS,0.2480504896980019,0
5201-CBWYG,0.006561099041158833,0
8780-RSYYU,0.08447438439191815,0
6345-ULYRW,0.2656894567935853,0
6210-KBBPI,0.6941212062939929,1
5561-NWEVX,0.8073471426488534,1
4658-HCOHW,0.5074486777607751,1
3132-TVFDZ,0.047564940117130666,0
8350-NYMVI,0.06358736483424533,0
3556-BVQGL,0.08649835434919902,0
9940-HPQPG,0.6197172922927452,1
3199-NPKCN,0.10226511769268679,0
4316-XCSLJ,0.20465493179680785,0
0794-YVSGE,0.005987392015761604,0
5896-NPFWW,0.3602475733384974,0
9873-MNDKV,0.2594785811491989,0
2302-ANTDP,0.45867605411234624,0
3704-IEAXF,0.00901608282456208,0
2359-QWQUL,0.16702544463644453,0
4299-SIMNS,0.6135437264178588,1
9391-TTOYH,0.12927756971581117,0
4010-YLMVT,0.16650255749621576,0
9681-OXGVC,0.6595789372388486,1
5012-YSPJJ,0.10894230092456164,0
8970-ANWXO,0.10513387246475071,0
1074-WVEVG,0.007594678230625568,0
6696-YDAYZ,0.18777685763926696,0
8033-VCZGH,0.1559297350411106,0
5198-HQAEN,0.21764394963681202,0
7995-ZHHNZ,0.02532765923791602,0
8980-WQFWL,0.09591814911305897,0
7251-XFOIL,0.14907815460185284,0
4583-PARNH,0.704901065682295,1
9867-JCZSP,0.10507399699529989,0
3985-HOYPM,0.06002189969035304,0
6015-VVHHE,0.7218198427469298,1
8922-LIEGH,0.6070897263145965,1
8883-GRDWQ,0.18461017915020506,0
0577-WHMEV,0.5377456777376856,1
3842-QTGDL,0.5334657415841314,1
4023-RTIQM,0.0789852972631165,0
7771-CFQRQ,0.05684283216321098,0
8573-JGCZW,0.10307745802688796,0
8835-VSDSE,0.6805553367410668,1
2615-YVMYX,0.2535077326346038,0
5339-PXDVH,0.6650841200465313,1
3387-PLKUI,0.22052123557073558,0
7853-WNZSY,0.30333161133530395,0
4430-UZIPO,0.3558608720344515,0
4138-NAXED,0.1852708099876144,0
3133-PZNSR,0.08299945838828014,0
5795-BKOYE,0.009312048836259336,0
6892-XPFPU,0.6423739051326414,1
5567-WSELE,0.8014872336393063,1
6670-MFRPK,0.06344187481367239,0
7351-MHQVU,0.2503804041732792,0
5304-EFJLP,0.2588030887562578,0
4007-NHVHI,0.3083009771863037,0
9896-UYMIE,0.10509246653015472,0
3744-ZBHON,0.35272127339847076,0
7850-VWJUU,0.44530081797575216,0
6032-IGALN,0.38291138939229796,0
1293-HHSHJ,0.034706715603445494,0
5842-POCOP,0.6552516997440299,1
5442-BHQNG,0.680401775971772,1
3452-FLHYD,0.06360147899623388,0
5575-TPIZQ,0.1939127474273153,0
4900-MSOMT,0.02348832103779075,0
4059-IIEBK,0.6274488393267421,1
5569-IDSEY,0.0779167602635744,0
1427-VERSM,0.20913978601591857,0
2190-BCXEC,0.20506938713714842,0
1544-JJMYL,0.06150239877959986,0
6542-LWGXJ,0.3536233082620165,0
2242-MFOTG,0.21132454917717955,0
4361-JEIVL,0.3843764650867219,0
9140-CZQZZ,0.029165550274917736,0
6447-GORXK,0.061253463024657846,0
2954-PIBKO,0.012941791834216137,0
6574-MCOEH,0.0686428335578772,0
6386-SZZKH,0.27880279972462896,0
2284-VFLKH,0.112090428782145,0
6234-PFPXL,0.4123650192365937,0
3891-NLXJB,0.06831702294754464,0
0392-BZIUW,0.09883514712207984,0
6885-PKOAM,0.020939791607591667,0
6458-CYIDZ,0.7829922517411446,1
6051-PTVNS,0.0065250706847820574,0
5268-DSMNQ,0.11851734863730135,0
3969-GYXEL,0.5833752660710769,1
2004-OCQXK,0.6918379159720659,1
2018-QKYGT,0.691776314187768,1
8775-ERLNB,0.8134717386674879,1
2845-KDHVX,0.027009934770730794,0
2144-BFDSO,0.42288904235509517,0
2188-SXWVT,0.052815335700965214,0
9851-KIELU,0.6162896372867203,1
3530-CRZSB,0.29645633302065594,0
3181-VTHOE,0.007399160920606052,0
8709-KRDVL,0.39182735524978346,0
2001-EWBQU,0.19736155568289462,0
3387-VATUS,0.6558787207313808,1
9074-KGVOX,0.024304083625236023,0
0810-BDHAW,0.10077820623893587,0
8250-ZNGGW,0.40975835531814037,0
5047-LHVLY,0.5491634360573155,1
4980-URKXC,0.032179213620856933,0
8224-KDLKN,0.006668518556740314,0
9633-DENPU,0.05215026816228384,0
5935-FCCNB,0.6944712530010204,1
4283-IVYCI,0.2928830068996614,0
7609-NRNCA,0.10099791571673897,0
1976-CFOCS,0.5488335679148761,1
6486-LHTMA,0.3934209855415984,0
1268-ASBGA,0.6142595621613607,1
9139-TWBAS,0.07325856697452064,0
5961-VUSRV,0.13605861434553662,0
7912-SYRQT,0.6296973375583179,1
1226-JZNKR,0.1705904415028876,0
6916-HIJSE,0.03526943296960075,0
8066-POXGX,0.23146114377677604,0
8191-XWSZG,0.011537850336915666,0
6032-KRXXO,0.3997293570438609,0
9631-XEYKE,0.35796455484668355,0
2739-CACDQ,0.6044917887737343,1
0074-HDKDG,0.08857294274956619,0
3227-WLKLI,0.04121782044654229,0
3523-BRGUW,0.0798711554463909,0
5035-PGZXH,0.13027297065159973,0
5626-MGTUK,0.5067929374612303,1
9700-ISPUP,0.2827742516868298,0
9552-TGUZV,0.6208535799768291,1
6954-OOYZZ,0.1893508584340888,0
1769-GRUIK,0.49186270678460653,0
6543-CPZMK,0.27341550115974605,0
7684-XSZIY,0.006468168929511621,0
6288-CHQJB,0.04600557549035554,0
6464-KEXXH,0.21780071820096292,0
4656-CAURT,0.008183294581491222,0
8019-ENHXU,0.3056086804895062,0
6259-WJQLC,0.4306041744784068,0
1763-WQFUK,0.35873962149113414,0
9495-REDIY,0.052682847842898284,0
1134-YWTYF,0.13031964030459142,0
9992-RRAMN,0.47063081936716045,0
6139-ZZRBQ,0.01909927253921631,0
4628-CTTLA,0.021635666110272875,0
1722-LDZJS,0.007690378362313415,0
7129-ACFOG,0.3362348482625932,0
7055-VKGDA,0.10019150444252073,0
5153-RTHKF,0.34360830804155934,0
9060-HJJRW,0.015987418685006582,0
4945-RVMTE,0.13155701323644337,0
7422-WNBTY,0.3744847766164187,0
5630-IXDXV,0.2788903168768668,0
5923-GXUOC,0.619181665814929,1
7660-HDPJV,0.6909645878625462,1
3190-XFANI,0.15852786109507389,0
6181-AXXYF,0.004880401309168249,0
6559-RAKOZ,0.15213687915982735,0
5351-QESIO,0.38284312145506183,0
0842-IWYCP,0.047129724949629886,0
7733-UDMTP,0.05574343829477737,0
2292-XQWSV,0.04169228925748446,0
4226-KKDON,0.30607354003556203,0
6235-VDHOM,0.48431882887705724,0
3774-VBNXY,0.010153880553451625,0
2525-GVKQU,0.012704716684135134,0
6365-HITVU,0.0216414442774368,0
2523-EWWZL,0.400209617271544,0
8739-XNIKG,0.6531165202924242,1
0958-YHXGP,0.6255219874986162,1
3473-XIIIT,0.5504742060395541,1
3049-NDXFL,0.6921013576153052,1
4277-PVRAN,0.6224543038557973,1
5619-XZZKR,0.2099996943485289,0
9190-MFJLN,0.5938830488903172,1
6088-BXMRG,0.39119471221908164,0
6174-NRBTZ,0.02039630331273274,0
7173-TETGO,0.1383241118841303,0
0354-VXMJC,0.09330786183358268,0
4694-PHWFW,0.2827388130497231,0
0412-UCCNP,0.03466205216562219,0
0133-BMFZO,0.6833543920973033,1
0682-USIXD,0.4840797481737958,0
6907-FLBER,0.3851287972051445,0
9391-YZEJW,0.08486386264861073,0
4654-ULTTN,0.01687449364991293,0
4013-GUXND,0.38258526208657617,0
0680-DFNNY,0.5656766225526729,1
7673-LPRNY,0.10777364349329292,0
4139-SUGLD,0.09242184322531266,0
1428-IEDPR,0.26420250240249776,0
4211-MMAZN,0.3825435557480552,0
9734-YWGEX,0.5385024766048524,1
3838-OZURD,0.12699552115223742,0
6161-ERDGD,0.01606844212086197,0
6521-YYTYI,0.6926141963903986,1
2466-FCCPT,0.08597092485131375,0
8143-ETQTI,0.12860511859654075,0
6250-CGGUN,0.09843584339486179,0
9408-SSNVZ,0.6579247288454562,1
0843-WTBXE,0.18459550221036827,0
3932-IJWDZ,0.30164579723755,0
6595-COKXZ,0.3843802633578645,0
8659-HDIYE,0.0425828892135448,0
2982-IHMFT,0.813479045261317,1
7056-IMHCC,0.3804332658938857,0
9780-FKVVF,0.32416721522222935,0
6656-JWRQX,0.3833248882703895,0
3617-XLSGQ,0.16916949338118825,0
7359-PTSXY,0.38447902335481754,0
8779-YIQQA,0.07944133394873476,0
0388-EOPEX,0.6804122472676909,1
9444-JTXHZ,0.6914442315301244,1
2013-SGDXK,0.6919987328793158,1
7493-TPUWZ,0.6916462435587887,1
5850-BDWCY,0.3093667937095541,0
0343-QLUZP,0.01934955148533505,0
2025-JKFWI,0.5847435232108986,1
8884-ADFVN,0.7764083404157649,1
7516-GMHUV,0.3208846568260674,0
5756-OZRIO,0.0292233795483555,0
3308-DGHKL,0.007520452027728268,0
2480-JZOSN,0.3825738874590926,0
0386-CWRGM,0.03254183292641946,0
9115-YQHGA,0.06901228589457592,0
7872-BAAZR,0.010698974396947787,0
8930-XOTDP,0.2053493302910336,0
6317-YPKDH,0.3832793571770904,0
8050-WYBND,0.06566287007572162,0
3669-OYSJI,0.30512897454000754,0
4391-LNRXK,0.49219477742737466,0
0289-IVARM,0.0928046229011905,0
1596-BBVTG,0.23958474003028848,0
4002-BQWPQ,0.17508471405686163,0
6743-HHQPF,0.031762669956955134,0
2091-MJTFX,0.08240627390173372,0
2111-DWYHN,0.38260801172740855,0
0281-CNTZX,0.010750654403971521,0
8313-NDOIA,0.4846864190479485,0
2996-XAUVF,0.010770663117699494,0
1009-IRMNA,0.29523248983983646,0
9046-JBFWA,0.10231048861677053,0
1550-LOAHA,0.35343390998803853,0
8069-YQQAJ,0.2175406632417166,0
6549-BTYPG,0.019847559974309457,0
4804-NCPET,0.1613882443277411,0
2080-CAZNM,0.4789908703782798,0
1958-RNRKS,0.1094944272333231,0
7409-JURKQ,0.1521757521860636,0
6663-JOCQO,0.07414311580284642,0
9163-GHAYE,0.22274167940802844,0
0742-MOABM,0.3447502619601485,0
0975-UYDTX,0.07377986268377926,0
2055-BFOCC,0.039618287657289704,0
2528-HFYZX,0.6683654705229249,1
5025-GOOKI,0.1105874984770551,0
9500-IWPXQ,0.02033438526457169,0
3088-FVYWK,0.01587516393146702,0
1820-DJFPH,0.006605552139913032,0
6777-TGHTM,0.1112556870322924,0
8439-LTUGF,0.19504058203921187,0
3858-XHYJO,0.21488585471835558,0
3308-JSGML,0.04433270110176657,0
3824-RHKVR,0.1332421081211056,0
9512-PHSMG,0.2596777413144777,0
2533-QVMSK,0.15477322146749053,0
3982-DQLUS,0.213981020299209,0
4451-RWASJ,0.11340971502499711,0
5010-IPEAQ,0.012205845654024834,0
1403-LKLIK,0.03789249573814458,0
1396-QWFBJ,0.4638166438811265,0
2321-OMBXY,0.04114924223052599,0
6681-ZSEXG,0.024545293062804105,0
1004-NOZNR,0.1426630220544923,0
5019-GQVCR,0.40519529568337626,0
9685-WKZGT,0.7010236463426655,1
2931-VUVJN,0.17011714437303146,0
1513-XNPPH,0.5860429946620079,1
4088-YLDSU,0.1321531656063537,0
7156-MXBJE,0.03515275223389964,0
6752-APNJL,0.06427738381346125,0
9402-ROUMJ,0.08043879741165003,0
1930-QPBVZ,0.13439437309918384,0
6818-WOBHJ,0.2018744685346141,0
7750-EYXWZ,0.15706681179039433,0
6652-YFFJO,0.27480124380242255,0
6429-SHBCB,0.21005209844014694,0
0224-HJAPT,0.3318927047870648,0
7246-ZGQDF,0.3851440015074591,0
9214-EKVXR,0.38434607942516386,0
3703-VAVCL,0.603332648673312,1
0455-XFASS,0.6690039602372598,1
3320-VEOYC,0.7166929771742451,1
6122-EFVKN,0.13434206063735704,0
7025-IWFHT,0.17838131792527911,0
8681-ICONS,0.0930377865475561,0
8734-DKSTZ,0.6021748190150149,1
1942-OQFRW,0.38434607942516386,0
9805-FILKB,0.016651876949349404,0
2560-WBWXF,0.008205413780830485,0
2314-TNDJQ,0.009295797533774217,0
8010-EZLOU,0.6981746625071474,1
3511-APPBJ,0.25842086924617913,0
9027-YFHQJ,0.29625884842863826,0
8414-MYSHR,0.7870527521022147,1
1814-DKOLC,0.3256302678224936,0
2506-TNFCO,0.8132402490945722,1
5071-FBJFS,0.3474929986251515,0
2408-WITXK,0.411819077220043,0
8270-RKSAP,0.5992509413883688,1
8152-VETUR,0.08006919070938093,0
8481-YYXWG,0.6557990140352603,1
5939-XAIXZ,0.19148492807800296,0
3398-FSHON,0.7337475932387798,1
0486-LGCCH,0.2445647740180445,0
9323-HGFWY,0.22872710547412536,0
5076-YVXCM,0.1883774562381406,0
9256-JTBNZ,0.24578566531754736,0
0774-IFUVM,0.27526531476673705,0
1679-JRFBR,0.0688243987413751,0
8067-NIOYM,0.08908531764954851,0
2683-BPJSO,0.3946930348501326,0
7926-IJOOU,0.30330108412615114,0
3097-FQTVJ,0.043721292240376984,0
2079-FBMZK,0.6362734744986438,1
6506-EYCNH,0.0961074777007982,0
7587-AOVVU,0.4551647778383084,0
2674-MIAHT,0.6619484201117457,1
8775-CEBBJ,0.2833721909752801,0
2999-AANRQ,0.14450803016211522,0
4877-EVATK,0.38252459889326984,0
0722-TROQR,0.7921050484650303,1
8752-IMQOS,0.19924755535783814,0
9912-OMZDS,0.11885418832794484,0
7103-ZGVNT,0.008338433477162021,0
3221-CJMSG,0.11157137350127745,0
0139-IVFJG,0.6839688319987487,1
2606-PKWJB,0.031713483449702644,0
0877-SDMBN,0.13658613931068023,0
5549-ZGHFB,0.027017020494209176,0
3045-XETSH,0.6094461318177042,1
8065-QBYTO,0.09530812021658963,0
0107-WESLM,0.3825132249519741,0
2485-ITVKB,0.3694218087779202,0
6143-JQKEA,0.2072950540080182,0
0487-CRLZF,0.06165728582402761,0
1218-VKFPE,0.23204287653995512,0
9847-HNVGP,0.101868394211867,0
2146-EGVDT,0.009931684976030532,0
0956-SYCWG,0.12878427650819294,0
7503-MIOGA,0.060346623481126835,0
3173-WSSUE,0.00454836231292901,0
7266-GSSJX,0.2460535614498321,0
1746-TGTWV,0.6116018813642295,1
3801-HMYNL,0.692330484303398,1
4439-YRNVD,0.2672305206439903,0
2921-XWDJH,0.4535416725458852,0
8285-ABVLB,0.004749205790881036,0
0799-DDIHE,0.21737798501876254,0
9360-OMDZZ,0.47092630189294077,0
1436-ZMJAN,0.21897307341842634,0
0013-SMEOE,0.2652668913911628,0
6402-SSEJG,0.08675517432307113,0
3092-IGHWF,0.06394470118265051,0
4135-FRWKJ,0.047732530186509775,0
4578-PHJYZ,0.025066910390774615,0
8746-BFOAJ,0.14704128430315805,0
8705-DWKTI,0.13868741592655748,0
4800-CZMPC,0.12340407490184165,0
3569-VLDHH,0.015207747833635082,0
1666-JZPZT,0.12677749973110894,0
2908-WGAXL,0.013401849711627266,0
9878-TNQGW,0.6826245649802108,1
3580-GICBM,0.01323676895735949,0
2737-YNGYW,0.6835245554545891,1
5213-TWWJU,0.4243195438684385,0
3957-LXOLK,0.6295684078844909,1
9313-CDOGY,0.052125686134000856,0
3146-MSEGF,0.03972702963692546,0
6569-KTMDU,0.3824563571761415,0
1269-FOYWN,0.019255018173340285,0
7760-OYPDY,0.6807437441628597,1
8677-HDZEE,0.22258245868938079,0
6961-MJKBO,0.03013045205022975,0
1216-JWVUX,0.41986253488972086,0
7979-CORPM,0.38179886408834524,0
7014-ZZXAW,0.005033310850859187,0
0733-VUNUW,0.15706967593866533,0
2037-XJFUP,0.2354461688407775,0
2181-TIDSV,0.0077098641473949065,0
6725-TPKJO,0.03596782133972123,0
2267-FPIMA,0.18303615676949986,0
2484-DGXPZ,0.08175159110518858,0
7486-KSRVI,0.1800977522406519,0
5980-BDHPY,0.027602322026790974,0
5678-VFNEQ,0.055055710823927885,0
3982-JGSFD,0.022664027977140504,0
8314-HTWVE,0.29567019468087297,0
2669-OIDSD,0.20118918081069942,0
7268-WNTCP,0.011769580997112304,0
6821-BUXUX,0.5802778685275012,1
0278-YXOOG,0.3241586235393195,0
5730-RIITO,0.0633982141225884,0
1410-RSCMR,0.24950306048635867,0
1663-MHLHE,0.38246393936031015,0
2300-RQGOI,0.052510874019163316,0
4765-OXPPD,0.30060377372190245,0
3209-ZPKFI,0.049288443299428074,0
9173-IVZVP,0.021135235481286728,0
1385-TQOZW,0.20383902760743097,0
6344-SFJVH,0.11568571908179232,0
6180-YBIQI,0.3231993489279913,0
4859-ZSRDZ,0.019903253825973074,0
6543-JXSOO,0.09166049668216225,0
1930-WNXSB,0.16936688595463065,0
0746-JTRFU,0.36849497884265076,0
0637-UBJRP,0.5685694122606698,1
0114-PEGZZ,0.4169430023977827,0
3022-BEXHZ,0.17959266390620285,0
5647-FXOTP,0.32854897316227133,0
7825-ECJRF,0.5290662138250346,1
8963-MQVYN,0.1375283858967017,0
6695-FRVEC,0.019168282696867524,0
6833-JMZYP,0.4780456960104239,0
9667-TKTVZ,0.37304109764996934,0
4999-IEZLT,0.004086997681449819,0
0784-ZQJZX,0.004392746447477069,0
9253-QXKBE,0.5741293136907972,1
0754-UKWQP,0.6844682417843606,1
5481-NTDOH,0.12164844824019236,0
9717-QEBGU,0.6807332786319485,1
4971-PUYQO,0.44968121605851596,0
7599-FKVXZ,0.3317109139684951,0
0122-OAHPZ,0.6265704224117497,1
6242-MBHPK,0.65080090903822,1
6080-LNESI,0.02498880443064766,0
2379-GYFLQ,0.11764923060305174,0
3612-YVGSJ,0.004951425366414697,0
5018-HEKFO,0.2607530426744883,0
2115-BFTIW,0.4094452410809633,0
1545-ACTAS,0.16418688916951513,0
5380-XPJNZ,0.027647984008009788,0
5028-HTLJB,0.5467699363594045,1
9424-CMPOG,0.27014024133327497,0
8874-EJNSR,0.052891064550536375,0
5527-ACHSO,0.2821023042432894,0
0506-YLVKJ,0.032036280601583186,0
4013-TLDHQ,0.493505388604345,0
9114-AAFQH,0.02932829200405603,0
9094-AZPHK,0.5586403111826336,1
6040-CGACY,0.19937937897160884,0
2535-PBCGC,0.018474820102098694,0
7205-BAIAD,0.04705433925041287,0
2055-PDADH,0.7976363834538328,1
6789-HJBWG,0.25437163423487597,0
0254-KCJGT,0.02334915571766559,0
6723-CEGQI,0.015992579722118296,0
5296-PSYVW,0.006693658284629028,0
7302-ZHMHP,0.38246014826107333,0
6357-JJPQT,0.6712854308876428,1
5501-TVMGM,0.3852010196381229,0
6778-EICRF,0.10045284095566588,0
7975-TZMLR,0.17021332393636737,0
